order_id,customer_id,order_date,status,region_code
O0001,C0302,2025-08-08 10:24:27,PLACED,NORTH
O0002,C0244,2025-04-01 11:23:15,DELIVERED,SOUTH
O0003,C0355,2025-02-11 05:21:39,RETURNED,SOUTH
O0004,UNKNOWN,2025-08-27 19:19:50,PLACED,WEST
O0005,C0089,2025-05-01 05:39:31,SHIPPED,EAST
O0006,C0180,2024-05-09 00:00:00,PLACED,SOUTH
O0007,C0211,2025-12-31 14:26:15,RETURNED,WEST
O0008,C0034,2025-02-24 11:36:33,RETURNED,EAST
O0009,C0332,2025-08-23 10:42:51,PLACED,SOUTH
O0010,C0192,2024-10-31 09:38:42,PLACED,WEST
O0011,C0325,2026-05-03 00:00:00,DELIVERED,WEST
O0012,C0118,2024-11-11 20:17:56,DELIVERED,SOUTH
O0013,C0296,2025-09-07 11:02:45,SHIPPED,NORTH
O0014,UNKNOWN,2026-03-28 17:25:16,DELIVERED,WEST
O0015,C0235,2026-07-23 18:28:03,CANCELLED,EAST
O0016,C0110,2025-02-26 08:06:31,DELIVERED,EAST
O0017,C0192,2024-12-14 12:28:24,PLACED,NORTH
O0018,C0424,2025-04-09 19:41:42,RETURNED,EAST
O0019,C0386,2026-02-06 09:19:31,SHIPPED,NORTH
O0020,C0101,2025-01-10 23:31:01,SHIPPED,EAST
O0021,C0107,2026-06-02 21:05:20,RETURNED,EAST
O0022,C0323,2026-05-13 17:05:19,RETURNED,SOUTH
O0023,C0475,2024-12-27 20:15:54,SHIPPED,NORTH
O0024,C0415,2024-11-21 16:09:52,PLACED,EAST
O0025,C0194,2026-05-22 00:00:00,SHIPPED,NORTH
O0026,C0309,2024-11-29 04:16:48,DELIVERED,WEST
O0027,C0314,2025-09-05 04:59:08,CANCELLED,NORTH
O0028,C0147,2025-12-01 06:48:44,DELIVERED,WEST
O0029,C0188,2025-04-05 13:51:47,PLACED,EAST
O0030,C0274,2025-09-10 13:26:33,SHIPPED,NORTH
O0031,C0482,2025-10-11 03:29:22,SHIPPED,NORTH
O0032,C0214,2025-02-11 00:24:36,RETURNED,EAST
O0033,C0194,2026-07-26 08:36:15,RETURNED,NORTH
O0034,C0423,2025-04-26 14:07:59,RETURNED,NORTH
O0035,C0120,2025-09-29 16:35:43,PLACED,NORTH
O0036,C0222,2025-11-03 17:24:36,PLACED,NORTH
O0037,C0048,2024-12-11 07:15:26,CANCELLED,SOUTH
O0038,C0498,2026-07-18 09:22:11,DELIVERED,NORTH
O0039,C0044,2025-01-29 23:54:06,RETURNED,EAST
O0040,C0410,2025-01-16 05:05:06,SHIPPED,WEST
O0041,C0118,2024-08-21 08:56:36,DELIVERED,NORTH
O0042,C0262,2025-07-16 16:35:33,DELIVERED,WEST
O0043,C0406,2026-07-14 01:22:40,CANCELLED,NORTH
O0044,C0087,2025-03-20 15:22:25,CANCELLED,SOUTH
O0045,C0020,2025-12-08 11:25:00,RETURNED,SOUTH
O0046,C0052,2026-02-11 04:37:00,DELIVERED,EAST
O0047,C0088,2025-09-10 22:39:36,RETURNED,EAST
O0048,C0295,2024-09-25 01:33:46,DELIVERED,NORTH
O0049,C0252,2024-08-19 08:57:08,PLACED,NORTH
O0050,C0482,2026-03-28 12:02:21,SHIPPED,NORTH
O0051,C0441,2025-09-26 09:55:02,RETURNED,WEST
O0052,C0145,2025-04-30 18:24:01,RETURNED,SOUTH
O0053,C0042,2024-11-08 12:22:45,PLACED,SOUTH
O0054,C0144,2025-08-15 08:10:31,DELIVERED,NORTH
O0055,C0218,2024-12-03 19:54:50,CANCELLED,NORTH
O0056,C0159,2025-09-27 03:39:17,SHIPPED,WEST
O0057,C0155,2026-05-15 17:12:53,SHIPPED,WEST
O0058,C0182,2026-06-23 04:29:43,SHIPPED,NORTH
O0059,C0230,2025-06-08 12:46:54,CANCELLED,EAST
O0060,C0224,2025-02-16 22:05:18,SHIPPED,SOUTH
O0061,C0284,2025-09-06 15:13:19,PLACED,WEST
O0062,C0006,2024-08-09 21:55:22,RETURNED,EAST
O0063,C0023,2024-08-25 13:02:44,DELIVERED,EAST
O0064,C0086,2025-06-17 15:16:05,DELIVERED,NORTH
O0065,C0488,2025-01-07 08:59:21,SHIPPED,EAST
O0066,C0346,2024-11-21 12:54:50,DELIVERED,SOUTH
O0067,C0406,2024-11-03 08:54:55,RETURNED,WEST
O0068,C0073,2025-01-23 23:45:46,DELIVERED,EAST
O0069,C0047,2025-05-24 11:27:21,SHIPPED,SOUTH
O0070,C0153,2025-08-11 14:52:20,CANCELLED,EAST
O0071,C0144,2026-02-16 22:55:30,CANCELLED,EAST
O0072,UNKNOWN,2026-02-19 02:40:47,RETURNED,EAST
O0073,UNKNOWN,2025-08-28 04:45:27,DELIVERED,WEST
O0074,C0460,2024-12-15 20:22:45,SHIPPED,EAST
O0075,C0119,2026-04-19 13:06:33,CANCELLED,EAST
O0076,C0341,2026-05-12 02:11:42,PLACED,NORTH
O0077,C0357,2025-03-01 02:25:36,RETURNED,NORTH
O0078,C0404,2026-04-18 00:00:00,DELIVERED,SOUTH
O0079,C0202,2024-08-09 04:27:36,RETURNED,NORTH
O0080,UNKNOWN,2024-09-21 00:00:00,DELIVERED,EAST
O0081,C0120,2026-01-18 11:13:03,SHIPPED,EAST
O0082,C0184,2026-05-08 06:13:42,SHIPPED,EAST
O0083,C0478,2026-06-05 21:34:32,DELIVERED,EAST
O0084,C0334,2024-12-12 09:58:20,SHIPPED,WEST
O0085,C0211,2024-11-22 16:29:12,DELIVERED,WEST
O0086,UNKNOWN,2025-01-28 22:48:27,SHIPPED,WEST
O0087,C0193,2024-08-15 04:19:36,CANCELLED,SOUTH
O0088,C0398,2026-01-13 09:11:10,DELIVERED,SOUTH
O0089,C0015,2026-07-07 12:14:05,SHIPPED,NORTH
O0090,C0049,2025-04-04 17:53:13,DELIVERED,NORTH
O0091,C0115,2026-04-22 13:16:55,PLACED,SOUTH
O0092,C0241,2025-06-14 23:42:30,DELIVERED,SOUTH
O0093,C0208,2024-11-23 00:15:35,DELIVERED,NORTH
O0094,C0144,2024-08-15 02:52:04,SHIPPED,WEST
O0095,C0142,2026-02-04 18:40:41,SHIPPED,EAST
O0096,C0248,2026-03-22 03:58:54,PLACED,EAST
O0097,C0277,2026-01-08 15:25:14,DELIVERED,WEST
O0098,C0292,2025-06-04 19:41:51,RETURNED,SOUTH
O0099,C0317,2025-06-10 04:34:56,CANCELLED,EAST
O0100,C0463,2025-09-14 03:00:51,PLACED,NORTH
O0101,C0196,2025-09-27 00:12:51,DELIVERED,WEST
O0102,C0472,2024-12-25 02:58:31,SHIPPED,WEST
O0103,C0493,2025-12-11 05:33:35,PLACED,WEST
O0104,C0152,2026-01-15 15:27:51,RETURNED,WEST
O0105,C0149,2024-12-01 04:41:15,SHIPPED,WEST
O0106,C0208,2024-09-01 00:05:49,PLACED,EAST
O0107,C0204,2024-08-10 01:27:21,RETURNED,NORTH
O0108,C0192,2025-04-03 21:09:04,PLACED,NORTH
O0109,C0282,2025-11-03 12:25:33,PLACED,NORTH
O0110,C0275,2025-10-17 05:19:10,CANCELLED,WEST
O0111,C0160,2026-04-21 00:00:00,SHIPPED,WEST
O0112,C0038,2025-04-19 22:17:41,PLACED,SOUTH
O0113,C0465,2024-11-10 00:00:00,RETURNED,SOUTH
O0114,C0281,2025-04-28 22:13:10,SHIPPED,SOUTH
O0115,C0459,2026-02-10 07:32:56,RETURNED,NORTH
O0116,C0296,2026-01-30 10:33:23,SHIPPED,WEST
O0117,C0057,2026-01-13 09:39:20,DELIVERED,SOUTH
O0118,C0092,2025-03-15 08:11:00,PLACED,NORTH
O0119,C0131,2025-06-10 23:09:32,RETURNED,EAST
O0120,C0226,2024-11-06 01:20:09,DELIVERED,NORTH
O0121,C0204,2025-02-08 01:45:22,PLACED,SOUTH
O0122,C0146,2026-03-06 20:59:05,DELIVERED,SOUTH
O0123,C0367,2025-08-05 20:00:22,DELIVERED,SOUTH
O0124,C0156,2026-07-18 12:30:03,RETURNED,SOUTH
O0125,C0198,2025-05-29 13:46:58,SHIPPED,NORTH
O0126,C0337,2024-12-25 00:00:00,DELIVERED,NORTH
O0127,C0101,2025-01-14 05:33:22,DELIVERED,WEST
O0128,C0003,2025-03-10 09:57:18,PLACED,SOUTH
O0129,C0250,2026-07-27 19:47:55,DELIVERED,NORTH
O0130,C0316,2025-11-01 00:00:00,RETURNED,SOUTH
O0131,C0466,2024-10-06 18:53:16,SHIPPED,WEST
O0132,C0304,2026-02-25 07:15:50,DELIVERED,SOUTH
O0133,C0382,2025-07-14 06:05:24,SHIPPED,NORTH
O0134,C0021,2026-05-01 07:36:39,PLACED,WEST
O0135,C0295,2025-07-13 09:33:33,PLACED,EAST
O0136,C0434,2025-04-24 03:52:03,SHIPPED,SOUTH
O0137,C0133,2025-03-12 13:42:41,DELIVERED,EAST
O0138,C0208,2026-05-22 07:57:14,DELIVERED,WEST
O0139,C0334,2024-12-23 00:52:10,DELIVERED,NORTH
O0140,C0318,2024-11-06 23:39:16,CANCELLED,WEST
O0141,C0169,2026-06-23 00:37:55,CANCELLED,NORTH
O0142,C0113,2025-12-04 11:02:10,CANCELLED,EAST
O0143,C0483,2026-02-04 06:27:45,SHIPPED,WEST
O0144,C0046,2024-08-31 21:26:37,PLACED,NORTH
O0145,C0380,2026-05-30 08:44:54,SHIPPED,SOUTH
O0146,C0278,2025-07-04 16:54:35,SHIPPED,WEST
O0147,C0311,2025-08-01 05:01:38,CANCELLED,NORTH
O0148,C0452,2026-06-26 13:45:55,PLACED,EAST
O0149,C0333,2026-04-08 22:30:52,CANCELLED,EAST
O0150,C0338,2026-05-22 03:41:28,PLACED,EAST
O0151,C0211,2025-03-08 00:00:00,PLACED,NORTH
O0152,C0040,2025-12-13 13:17:18,DELIVERED,EAST
O0153,C0364,2025-01-02 15:46:38,SHIPPED,SOUTH
O0154,C0078,2025-08-07 13:19:15,DELIVERED,WEST
O0155,C0284,2024-10-22 19:52:44,RETURNED,EAST
O0156,C0387,2024-09-13 09:10:00,SHIPPED,WEST
O0157,C0169,2024-08-19 01:50:39,PLACED,SOUTH
O0158,C0026,2026-07-31 11:31:00,CANCELLED,WEST
O0159,C0148,2026-03-21 12:41:54,DELIVERED,SOUTH
O0160,C0161,2026-05-03 00:00:00,SHIPPED,NORTH
O0161,C0007,2025-09-28 15:00:40,PLACED,WEST
O0162,C0300,2025-01-23 00:08:36,PLACED,WEST
O0163,C0007,2026-01-24 11:17:35,CANCELLED,NORTH
O0164,C0470,2025-01-01 06:54:55,PLACED,SOUTH
O0165,C0200,2024-12-30 05:46:18,CANCELLED,SOUTH
O0166,C0416,2026-01-19 19:35:40,DELIVERED,WEST
O0167,C0365,2026-03-23 00:25:36,DELIVERED,SOUTH
O0168,C0159,2025-02-08 18:56:28,DELIVERED,SOUTH
O0169,C0431,2026-03-22 03:45:00,SHIPPED,EAST
O0170,C0199,2025-03-25 14:48:26,SHIPPED,SOUTH
O0171,C0487,2026-01-19 08:17:50,RETURNED,SOUTH
O0172,C0177,2026-03-27 06:24:18,CANCELLED,SOUTH
O0173,C0038,2025-11-12 20:26:57,SHIPPED,SOUTH
O0174,C0134,2024-08-26 14:07:58,RETURNED,WEST
O0175,C0391,2025-05-01 10:46:52,PLACED,NORTH
O0176,C0026,2026-05-31 09:04:58,CANCELLED,EAST
O0177,UNKNOWN,2025-12-30 17:23:54,CANCELLED,SOUTH
O0178,C0019,2024-08-16 15:46:59,PLACED,SOUTH
O0179,C0482,2025-08-22 04:31:16,SHIPPED,WEST
O0180,C0188,2025-09-05 19:38:55,PLACED,SOUTH
O0181,C0183,2024-11-06 16:02:35,CANCELLED,SOUTH
O0182,C0446,2025-12-06 09:49:13,DELIVERED,WEST
O0183,C0421,2025-06-06 00:00:00,PLACED,NORTH
O0184,C0334,2025-01-21 21:00:08,SHIPPED,SOUTH
O0185,C0325,2025-09-23 06:54:55,SHIPPED,EAST
O0186,C0328,2025-08-20 12:20:22,RETURNED,WEST
O0187,C0208,2026-08-02 08:50:45,RETURNED,NORTH
O0188,C0222,2025-01-18 23:14:15,RETURNED,NORTH
O0189,C0458,2026-07-06 21:10:46,DELIVERED,WEST
O0190,UNKNOWN,2025-04-05 03:35:01,PLACED,WEST
O0191,C0349,2024-12-18 18:24:10,PLACED,WEST
O0192,C0223,2025-02-27 05:08:23,PLACED,WEST
O0193,C0057,2024-12-15 04:05:51,SHIPPED,EAST
O0194,C0196,2026-03-09 16:10:50,SHIPPED,WEST
O0195,C0042,2025-08-30 15:42:21,PLACED,NORTH
O0196,C0339,2026-02-06 09:55:39,DELIVERED,WEST
O0197,C0222,2025-11-02 14:04:59,SHIPPED,WEST
O0198,UNKNOWN,2025-02-08 21:14:24,PLACED,SOUTH
O0199,C0366,2026-08-03 17:58:10,DELIVERED,WEST
O0200,C0145,2026-05-16 22:27:36,DELIVERED,NORTH
O0201,C0423,2026-02-25 03:48:52,RETURNED,SOUTH
O0202,C0031,2026-06-18 11:29:44,SHIPPED,WEST
O0203,C0381,2024-10-01 12:12:30,SHIPPED,EAST
O0204,C0361,2024-11-17 13:29:30,DELIVERED,SOUTH
O0205,C0163,2025-05-02 01:19:07,PLACED,WEST
O0206,C0218,2025-03-17 00:00:00,DELIVERED,EAST
O0207,C0128,2025-12-17 23:55:53,PLACED,SOUTH
O0208,C0435,2025-12-07 17:08:38,RETURNED,NORTH
O0209,C0060,2025-02-26 23:46:34,SHIPPED,WEST
O0210,C0117,2026-05-21 14:43:03,DELIVERED,NORTH
O0211,C0188,2026-03-04 05:47:34,SHIPPED,SOUTH
O0212,C0250,2025-05-29 21:07:23,CANCELLED,NORTH
O0213,C0283,2025-06-01 09:53:19,PLACED,NORTH
O0214,C0430,2024-10-24 05:57:20,RETURNED,EAST
O0215,C0049,2025-10-07 16:54:43,CANCELLED,SOUTH
O0216,C0312,2024-09-28 11:44:44,DELIVERED,WEST
O0217,UNKNOWN,2025-12-16 00:00:00,CANCELLED,NORTH
O0218,C0157,2026-05-02 08:14:47,RETURNED,SOUTH
O0219,C0169,2024-10-16 19:43:46,PLACED,SOUTH
O0220,C0043,2025-11-17 13:50:51,SHIPPED,WEST
O0221,C0380,2025-03-29 10:08:17,DELIVERED,SOUTH
O0222,UNKNOWN,2025-08-05 14:59:50,CANCELLED,SOUTH
O0223,C0269,2026-05-20 13:46:41,PLACED,NORTH
O0224,C0415,2025-02-06 10:19:24,SHIPPED,EAST
O0225,C0011,2026-05-17 10:36:06,RETURNED,EAST
O0226,C0168,2026-01-26 16:09:40,DELIVERED,EAST
O0227,C0345,2025-02-20 18:41:36,DELIVERED,WEST
O0228,C0279,2026-02-03 04:38:38,DELIVERED,WEST
O0229,C0066,2025-04-17 08:55:29,SHIPPED,NORTH
O0230,C0372,2025-08-04 00:21:59,DELIVERED,WEST
O0231,C0210,2025-09-26 20:03:11,RETURNED,SOUTH
O0232,C0351,2025-08-07 01:39:46,RETURNED,SOUTH
O0233,UNKNOWN,2024-11-08 11:20:04,CANCELLED,SOUTH
O0234,C0021,2025-03-01 02:25:06,RETURNED,WEST
O0235,C0461,2026-07-14 10:39:40,PLACED,SOUTH
O0236,C0294,2026-03-20 10:05:17,CANCELLED,NORTH
O0237,C0341,2026-04-18 16:29:10,SHIPPED,EAST
O0238,C0234,2025-07-20 03:37:17,SHIPPED,WEST
O0239,C0005,2026-04-06 13:11:39,RETURNED,SOUTH
O0240,C0390,2025-06-14 16:33:42,DELIVERED,WEST
O0241,C0074,2026-04-13 14:23:54,SHIPPED,NORTH
O0242,C0348,2024-09-10 12:52:41,CANCELLED,NORTH
O0243,C0309,2025-06-05 12:51:13,PLACED,WEST
O0244,C0357,2025-02-05 02:23:21,RETURNED,WEST
O0245,C0468,2026-01-07 10:38:40,DELIVERED,WEST
O0246,C0305,2024-08-09 23:33:30,RETURNED,EAST
O0247,C0416,2025-03-03 14:49:36,RETURNED,NORTH
O0248,C0207,2026-04-18 16:30:32,SHIPPED,SOUTH
O0249,C0473,2024-10-13 00:00:00,SHIPPED,SOUTH
O0250,C0219,2025-08-22 16:56:20,DELIVERED,NORTH
O0251,C0066,2024-09-28 03:50:16,CANCELLED,WEST
O0252,C0433,2026-01-18 14:55:08,DELIVERED,EAST
O0253,C0292,2024-08-16 11:54:28,CANCELLED,WEST
O0254,C0372,2026-01-27 06:45:31,DELIVERED,WEST
O0255,C0309,2026-04-17 03:57:20,PLACED,WEST
O0256,C0053,2026-04-30 14:03:50,SHIPPED,NORTH
O0257,C0273,2026-06-09 02:52:13,RETURNED,WEST
O0258,C0047,2025-07-14 11:12:13,RETURNED,NORTH
O0259,C0061,2025-03-08 03:57:14,CANCELLED,SOUTH
O0260,C0091,2025-09-13 09:47:40,RETURNED,NORTH
O0261,C0292,2024-10-10 16:29:28,PLACED,WEST
O0262,C0081,2024-11-07 18:50:02,DELIVERED,EAST
O0263,C0020,2025-03-25 08:25:31,SHIPPED,SOUTH
O0264,C0349,2025-05-11 20:18:11,CANCELLED,WEST
O0265,C0225,2024-10-27 02:07:12,PLACED,WEST
O0266,C0157,2025-03-19 23:03:16,CANCELLED,EAST
O0267,C0129,2026-04-16 14:46:43,CANCELLED,WEST
O0268,UNKNOWN,2026-05-19 00:58:30,SHIPPED,NORTH
O0269,C0438,2024-12-17 03:24:11,PLACED,SOUTH
O0270,C0189,2024-09-17 02:54:43,PLACED,EAST
O0271,C0054,2025-04-30 01:28:57,DELIVERED,SOUTH
O0272,C0376,2025-05-06 21:53:17,CANCELLED,WEST
O0273,C0451,2026-03-02 05:44:50,DELIVERED,EAST
O0274,C0365,2026-07-26 12:13:50,RETURNED,SOUTH
O0275,C0386,2025-06-23 09:24:32,DELIVERED,WEST
O0276,C0256,2026-05-10 21:16:04,DELIVERED,SOUTH
O0277,C0447,2026-03-06 03:26:12,RETURNED,SOUTH
O0278,C0370,2026-01-29 06:10:08,SHIPPED,EAST
O0279,C0280,2025-04-13 01:10:07,RETURNED,WEST
O0280,C0183,2026-05-18 16:31:20,DELIVERED,WEST
O0281,C0021,2024-08-12 23:28:55,SHIPPED,EAST
O0282,C0241,2025-03-12 02:38:12,SHIPPED,SOUTH
O0283,C0261,2025-12-17 09:02:21,SHIPPED,NORTH
O0284,C0266,2025-09-14 00:00:00,CANCELLED,WEST
O0285,C0186,2024-09-06 19:33:30,RETURNED,EAST
O0286,C0341,2025-09-15 17:02:05,DELIVERED,SOUTH
O0287,C0202,2025-01-12 08:01:12,CANCELLED,EAST
O0288,C0255,2025-12-19 04:42:28,SHIPPED,EAST
O0289,C0096,2024-11-19 13:27:58,PLACED,NORTH
O0290,C0383,2026-06-23 15:23:50,RETURNED,EAST
O0291,C0257,2025-08-09 00:00:00,CANCELLED,WEST
O0292,C0196,2026-07-11 17:11:06,PLACED,SOUTH
O0293,C0023,2025-07-24 23:36:42,SHIPPED,NORTH
O0294,C0466,2026-04-02 23:19:38,PLACED,EAST
O0295,C0090,2024-12-22 23:06:23,SHIPPED,EAST
O0296,C0158,2024-08-24 09:47:13,PLACED,EAST
O0297,C0289,2025-02-17 10:30:53,CANCELLED,WEST
O0298,C0069,2026-01-16 22:40:26,SHIPPED,EAST
O0299,C0395,2025-01-25 16:31:16,CANCELLED,SOUTH
O0300,C0146,2025-09-04 05:10:50,PLACED,EAST
O0301,C0212,2025-01-01 13:19:01,DELIVERED,WEST
O0302,C0026,2025-06-11 09:13:52,RETURNED,SOUTH
O0303,C0495,2025-06-26 07:28:27,PLACED,WEST
O0304,C0109,2025-06-21 17:58:17,DELIVERED,EAST
O0305,UNKNOWN,2026-04-02 08:23:54,DELIVERED,EAST
O0306,C0110,2025-11-13 11:51:08,RETURNED,WEST
O0307,C0434,2025-10-16 23:29:41,PLACED,WEST
O0308,C0095,2025-02-17 02:34:04,RETURNED,WEST
O0309,C0318,2026-06-04 07:46:06,PLACED,EAST
O0310,C0143,2025-10-10 22:55:41,SHIPPED,NORTH
O0311,C0039,2025-01-28 08:53:33,CANCELLED,NORTH
O0312,C0377,2026-07-09 13:01:55,SHIPPED,NORTH
O0313,C0003,2026-02-09 03:24:46,SHIPPED,WEST
O0314,C0273,2024-08-12 14:17:02,PLACED,SOUTH
O0315,C0414,2026-04-03 00:00:00,CANCELLED,SOUTH
O0316,C0345,2024-09-30 18:30:24,CANCELLED,NORTH
O0317,C0215,2026-05-03 11:16:06,RETURNED,EAST
O0318,C0256,2024-12-02 16:05:18,DELIVERED,NORTH
O0319,C0339,2025-01-27 22:48:14,CANCELLED,NORTH
O0320,C0090,2024-10-17 12:40:58,SHIPPED,NORTH
O0321,C0388,2026-11-02 00:00:00,SHIPPED,SOUTH
O0322,C0340,2026-05-14 12:57:30,RETURNED,NORTH
O0323,C0065,2026-06-28 23:07:52,RETURNED,NORTH
O0324,C0113,2026-04-23 03:01:56,SHIPPED,SOUTH
O0325,C0078,2026-03-14 19:23:28,PLACED,NORTH
O0326,C0404,2025-01-19 17:39:56,CANCELLED,WEST
O0327,C0146,2025-08-05 17:51:59,CANCELLED,NORTH
O0328,C0269,2025-09-06 23:36:40,RETURNED,SOUTH
O0329,UNKNOWN,2025-07-11 17:18:58,PLACED,SOUTH
O0330,C0408,2026-03-27 04:46:32,PLACED,SOUTH
O0331,C0417,2025-06-21 17:08:47,DELIVERED,EAST
O0332,C0139,2025-03-19 15:03:16,DELIVERED,EAST
O0333,C0110,2025-04-03 11:16:22,CANCELLED,NORTH
O0334,C0356,2026-05-19 13:01:06,CANCELLED,NORTH
O0335,C0331,2024-10-25 02:14:44,PLACED,NORTH
O0336,C0203,2025-09-02 15:36:57,SHIPPED,WEST
O0337,C0473,2025-11-24 00:23:12,RETURNED,NORTH
O0338,C0021,2024-09-13 08:04:49,CANCELLED,NORTH
O0339,C0334,2025-03-27 13:27:23,RETURNED,NORTH
O0340,C0341,2026-05-05 17:50:27,PLACED,WEST
O0341,C0042,2025-05-25 02:55:46,PLACED,EAST
O0342,C0337,2024-09-24 18:17:23,RETURNED,WEST
O0343,C0361,2026-03-17 01:08:45,CANCELLED,SOUTH
O0344,UNKNOWN,2025-03-05 00:00:00,PLACED,EAST
O0345,C0017,2024-11-11 19:10:06,RETURNED,WEST
O0346,C0136,2025-07-31 17:48:15,CANCELLED,EAST
O0347,C0274,2025-03-28 05:37:55,DELIVERED,EAST
O0348,C0338,2024-11-21 23:23:53,DELIVERED,SOUTH
O0349,C0051,2025-02-04 23:31:04,SHIPPED,WEST
O0350,C0145,2024-12-04 22:16:59,PLACED,SOUTH
O0351,C0034,2025-11-22 06:00:39,SHIPPED,NORTH
O0352,C0018,2025-02-22 15:15:25,SHIPPED,SOUTH
O0353,C0200,2025-04-28 07:21:40,SHIPPED,SOUTH
O0354,C0414,2024-12-02 09:00:50,PLACED,WEST
O0355,C0369,2026-07-26 13:31:26,PLACED,EAST
O0356,C0476,2025-05-26 02:30:29,PLACED,NORTH
O0357,C0113,2026-02-17 20:05:46,RETURNED,EAST
O0358,C0254,2025-04-06 16:42:34,DELIVERED,WEST
O0359,C0404,2025-12-05 20:56:10,PLACED,NORTH
O0360,C0204,2025-05-10 21:44:48,SHIPPED,NORTH
O0361,C0188,2025-07-26 04:04:09,CANCELLED,EAST
O0362,C0361,2025-12-19 03:43:00,PLACED,SOUTH
O0363,C0440,2025-07-15 19:31:19,PLACED,NORTH
O0364,C0482,2025-09-29 02:22:26,CANCELLED,EAST
O0365,C0303,2025-08-05 21:57:43,PLACED,WEST
O0366,C0348,2024-08-12 05:43:52,PLACED,SOUTH
O0367,C0108,2024-11-24 02:25:15,SHIPPED,WEST
O0368,C0461,2026-03-02 22:12:53,RETURNED,EAST
O0369,C0172,2025-07-06 09:42:36,RETURNED,NORTH
O0370,C0465,2026-05-16 14:53:33,RETURNED,NORTH
O0371,C0354,2024-10-24 21:44:47,DELIVERED,WEST
O0372,C0366,2026-07-04 00:32:05,CANCELLED,EAST
O0373,C0140,2025-03-19 16:13:32,DELIVERED,SOUTH
O0374,C0391,2024-09-30 04:25:19,DELIVERED,SOUTH
O0375,C0094,2024-08-14 23:53:20,PLACED,EAST
O0376,C0333,2024-12-13 21:59:13,PLACED,SOUTH
O0377,C0408,2024-10-10 16:36:08,PLACED,WEST
O0378,C0332,2024-09-27 19:49:07,CANCELLED,WEST
O0379,C0335,2024-11-26 06:45:23,CANCELLED,WEST
O0380,C0128,2026-07-17 02:25:03,RETURNED,EAST
O0381,C0418,2025-06-30 04:56:24,DELIVERED,NORTH
O0382,C0193,2025-10-04 12:39:10,CANCELLED,WEST
O0383,C0393,2026-05-20 11:01:31,PLACED,EAST
O0384,C0110,2025-10-26 06:04:58,SHIPPED,WEST
O0385,C0365,2025-04-10 05:10:21,RETURNED,NORTH
O0386,C0426,2025-11-02 06:01:26,RETURNED,WEST
O0387,C0252,2025-03-22 16:07:08,SHIPPED,EAST
O0388,C0286,2026-05-28 20:36:49,RETURNED,SOUTH
O0389,C0031,2026-03-15 04:39:41,PLACED,EAST
O0390,C0340,2025-06-01 04:26:11,DELIVERED,WEST
O0391,C0273,2025-02-17 09:21:35,CANCELLED,SOUTH
O0392,C0405,2026-04-26 11:02:58,PLACED,EAST
O0393,C0376,2026-07-19 23:48:12,RETURNED,WEST
O0394,C0159,2025-11-24 21:22:45,CANCELLED,SOUTH
O0395,C0396,2026-04-20 00:25:43,PLACED,SOUTH
O0396,C0171,2024-09-22 06:03:49,PLACED,NORTH
O0397,UNKNOWN,2025-01-01 02:07:22,SHIPPED,NORTH
O0398,C0220,2025-11-17 01:02:03,RETURNED,NORTH
O0399,C0268,2026-07-11 07:58:56,RETURNED,WEST
O0400,C0441,2025-03-19 15:46:21,SHIPPED,SOUTH
O0401,C0216,2025-11-05 04:13:05,CANCELLED,NORTH
O0402,UNKNOWN,2025-04-30 19:31:40,CANCELLED,SOUTH
O0403,C0161,2024-08-23 14:58:50,DELIVERED,EAST
O0404,C0373,2026-08-04 14:26:43,DELIVERED,NORTH
O0405,C0025,2024-10-24 07:53:31,CANCELLED,EAST
O0406,C0440,2025-01-21 13:51:15,RETURNED,SOUTH
O0407,C0096,2025-03-15 12:36:42,SHIPPED,EAST
O0408,C0080,2025-10-10 23:19:06,RETURNED,WEST
O0409,C0184,2026-07-09 14:38:21,CANCELLED,SOUTH
O0410,C0044,2024-09-21 06:05:21,CANCELLED,WEST
O0411,C0104,2025-08-21 04:01:02,SHIPPED,SOUTH
O0412,C0307,2024-12-23 22:02:05,RETURNED,SOUTH
O0413,C0173,2025-08-22 11:21:35,DELIVERED,WEST
O0414,C0411,2025-04-17 04:14:05,PLACED,WEST
O0415,C0361,2025-04-08 04:14:02,SHIPPED,SOUTH
O0416,C0293,2025-12-17 10:37:57,PLACED,WEST
O0417,C0300,2025-04-30 11:40:38,DELIVERED,EAST
O0418,C0383,2026-03-13 14:22:20,PLACED,WEST
O0419,C0393,2025-08-11 19:26:32,DELIVERED,NORTH
O0420,C0023,2026-06-02 23:32:38,CANCELLED,SOUTH
O0421,C0042,2024-09-29 01:32:01,SHIPPED,NORTH
O0422,C0013,2025-04-07 02:33:48,PLACED,WEST
O0423,C0077,2026-04-01 10:47:28,SHIPPED,EAST
O0424,C0038,2025-04-16 09:54:56,DELIVERED,EAST
O0425,C0338,2025-11-04 23:13:21,RETURNED,NORTH
O0426,C0469,2025-11-15 01:53:49,CANCELLED,WEST
O0427,C0489,2025-05-01 19:31:30,CANCELLED,WEST
O0428,C0410,2024-10-23 04:46:18,SHIPPED,SOUTH
O0429,C0360,2025-04-05 19:16:06,RETURNED,NORTH
O0430,C0482,2024-11-26 10:34:15,PLACED,EAST
O0431,C0234,2025-02-08 03:17:59,CANCELLED,NORTH
O0432,C0005,2026-03-07 10:41:50,DELIVERED,SOUTH
O0433,C0132,2026-04-28 05:53:39,RETURNED,NORTH
O0434,C0245,2025-09-27 02:08:53,SHIPPED,EAST
O0435,C0413,2025-12-11 06:53:30,CANCELLED,NORTH
O0436,C0383,2026-04-22 07:11:51,CANCELLED,NORTH
O0437,C0042,2025-09-16 12:21:53,PLACED,NORTH
O0438,C0246,2026-04-06 08:57:01,RETURNED,WEST
O0439,C0335,2025-07-01 16:30:25,PLACED,EAST
O0440,C0487,2026-07-06 04:54:30,RETURNED,NORTH
O0441,C0060,2025-06-16 15:21:14,RETURNED,SOUTH
O0442,C0289,2025-04-27 20:02:27,RETURNED,SOUTH
O0443,C0386,2024-08-10 00:00:00,DELIVERED,EAST
O0444,C0185,2025-05-15 20:34:32,PLACED,SOUTH
O0445,C0205,2024-08-15 13:56:23,DELIVERED,WEST
O0446,C0373,2025-01-04 13:14:04,PLACED,SOUTH
O0447,C0216,2026-06-21 06:06:11,PLACED,SOUTH
O0448,C0304,2025-08-19 13:02:56,SHIPPED,SOUTH
O0449,C0082,2026-02-05 15:47:12,DELIVERED,EAST
O0450,C0283,2025-02-03 21:20:52,DELIVERED,SOUTH
O0451,C0227,2026-01-03 06:17:11,PLACED,EAST
O0452,UNKNOWN,2025-12-30 19:27:34,RETURNED,EAST
O0453,C0148,2026-05-20 16:23:09,SHIPPED,NORTH
O0454,C0272,2025-09-25 00:44:47,PLACED,SOUTH
O0455,C0154,2026-01-14 02:53:22,PLACED,SOUTH
O0456,C0476,2026-01-29 00:00:00,DELIVERED,NORTH
O0457,C0094,2025-11-14 11:25:49,DELIVERED,SOUTH
O0458,C0334,2025-04-29 17:57:51,SHIPPED,WEST
O0459,UNKNOWN,2024-10-11 18:08:18,DELIVERED,SOUTH
O0460,C0088,2024-08-26 20:53:49,SHIPPED,EAST
O0461,C0242,2025-10-19 09:49:19,DELIVERED,EAST
O0462,C0168,2025-07-02 06:50:03,CANCELLED,NORTH
O0463,C0176,2024-08-14 10:00:57,PLACED,SOUTH
O0464,C0184,2025-05-02 18:27:52,PLACED,EAST
O0465,C0315,2025-04-01 05:07:01,CANCELLED,SOUTH
O0466,C0199,2024-09-28 22:57:02,SHIPPED,NORTH
O0467,C0233,2025-11-15 17:23:47,PLACED,EAST
O0468,C0177,2025-12-18 16:14:59,RETURNED,EAST
O0469,C0001,2024-12-03 14:44:13,PLACED,SOUTH
O0470,C0416,2026-06-03 21:24:00,SHIPPED,EAST
O0471,C0029,2025-10-12 17:13:15,DELIVERED,EAST
O0472,C0365,2025-10-31 04:37:02,PLACED,WEST
O0473,C0386,2026-02-28 19:23:33,SHIPPED,SOUTH
O0474,C0017,2024-09-18 22:31:39,PLACED,EAST
O0475,C0245,2026-04-22 00:00:00,SHIPPED,NORTH
O0476,UNKNOWN,2025-07-04 15:27:37,DELIVERED,NORTH
O0477,C0344,2025-06-13 11:48:08,CANCELLED,NORTH
O0478,C0228,2025-06-20 05:34:04,DELIVERED,SOUTH
O0479,C0285,2026-01-13 11:53:25,RETURNED,NORTH
O0480,C0351,2025-08-28 16:02:54,SHIPPED,NORTH
O0481,C0319,2024-12-28 13:29:37,RETURNED,EAST
O0482,C0354,2024-11-05 18:28:11,SHIPPED,NORTH
O0483,C0310,2025-06-28 06:56:42,RETURNED,SOUTH
O0484,C0281,2025-09-20 14:22:57,RETURNED,WEST
O0485,C0176,2025-09-30 01:21:54,SHIPPED,EAST
O0486,C0094,2025-02-11 21:42:22,SHIPPED,NORTH
O0487,C0052,2024-10-11 23:36:36,PLACED,EAST
O0488,C0011,2026-06-14 10:03:25,RETURNED,EAST
O0489,C0442,2026-03-12 16:12:11,SHIPPED,EAST
O0490,C0043,2026-05-25 06:23:24,CANCELLED,WEST
O0491,C0390,2024-12-31 00:00:00,RETURNED,NORTH
O0492,C0062,2025-03-13 05:19:00,PLACED,EAST
O0493,C0324,2026-01-20 01:35:51,CANCELLED,WEST
O0494,C0133,2025-04-17 05:08:54,PLACED,EAST
O0495,C0419,2024-09-27 22:14:41,SHIPPED,NORTH
O0496,C0453,2025-05-31 21:06:54,DELIVERED,SOUTH
O0497,C0383,2026-02-17 08:40:00,PLACED,WEST
O0498,C0288,2025-09-13 12:39:10,DELIVERED,WEST
O0499,C0193,2026-02-26 13:06:33,PLACED,EAST
O0500,C0099,2024-08-15 12:28:37,SHIPPED,NORTH
